{"cameraMode":{"drawMode":0,"name":"Shaded","section":"Shading Mode"},"sceneLighting":true,"audioPlay":false,"sceneViewState":{"showFog":true,"showMaterialUpdate":true,"showSkybox":true,"showFlares":true,"showImageEffects":true,"showParticleSystems":true},"in2DMode":false,"pivot":{"x":-1.4619226455688477,"y":1.0859557390213013,"z":-28.310020446777345},"rotation":{"x":0.000990638742223382,"y":-0.9984439015388489,"z":0.05247165262699127,"w":0.01885523833334446},"size":13.741283416748047,"orthographic":false}